{"cameraMode":{"drawMode":0,"name":"Shaded","section":"Shading Mode"},"sceneLighting":true,"audioPlay":false,"sceneViewState":{"m_AlwaysRefresh":false,"showFog":true,"showSkybox":true,"showFlares":true,"showImageEffects":true,"showParticleSystems":true,"showVisualEffectGraphs":true,"m_FxEnabled":false},"in2DMode":false,"pivot":{"x":-0.0017778575420379639,"y":0.0486253947019577,"z":0.1494211107492447},"rotation":{"x":0.012688958086073399,"y":0.8766582012176514,"z":-0.02314562164247036,"w":0.48039668798446658},"size":0.7331342697143555,"orthographic":true}